{"cameraMode":{"drawMode":0,"name":"Shaded","section":"Shading Mode"},"sceneLighting":true,"audioPlay":false,"sceneViewState":{"showFog":true,"showMaterialUpdate":false,"showSkybox":true,"showFlares":true,"showImageEffects":true,"showParticleSystems":true,"showVisualEffectGraphs":true},"in2DMode":false,"pivot":{"x":-4.415684223175049,"y":-85.780029296875,"z":26.911222457885743},"rotation":{"x":0.5922807455062866,"y":-0.005317450501024723,"z":0.0039091575890779499,"w":0.8057130575180054},"size":120.70291900634766,"orthographic":false}